photoghraphy_description,photoghraphy_title,photoghraphy_number,photoghraphy_address,photoghraphy_photos
"White Massif  is a wedding decorator based out of Bangalore . White Massif 's telephone number is ,, White Massif  website address is ,, Facebook page is , and address is Bangalore, Karnataka, India..,White Massif  is mainly known for Wedding Decoration, Flower Decoration, Theme Weddings, Light Decoration.,In terms of pricing White Massif   offers various packages starting at Rs ,/-.,Has been viewed 6 times and shortlisted by 0 customers over the last month.,There are 1 albums here at Weddingz -- suggest you have a look. Call weddingz.in to book White Massif  at guaranteed prices and with peace of mind.","
		,White Massif , Bangalore,		
	",tel:76-66-77-88-99,"
						Bangalore, Karnataka, India.
					","https://media.weddingz.in/images/d695256385f52fb3d2a7fbe2503ce0c0/white_massif_wedding_decorators_bangalore_19671.jpg,https://media.weddingz.in/images/d50bf1423565de4c832d35431002dc15/white_massif_wedding_decorators_bangalore_19671.jpg,https://media.weddingz.in/images/fdcffbe5dab877e9f561ddcd03dd89e4/white_massif_wedding_decorators_bangalore_19672.jpg,https://media.weddingz.in/images/db38c48d18c4c20b96f59228f2bd9678/white_massif_wedding_decorators_bangalore_19673.jpg,https://media.weddingz.in/images/92e67c0d62fcde6469eb4dfb2065b3c2/white_massif_wedding_decorators_bangalore_19674.jpg,https://media.weddingz.in/images/0a16cafea3209b8057cd9ab442f46321/white_massif_wedding_decorators_bangalore_19675.jpg"
"PRATHA WEDDINGS - A Tradition! is a wedding decorator based out of Bangalore . PRATHA WEDDINGS - A Tradition!'s telephone number is ,, PRATHA WEDDINGS - A Tradition! website address is ,, Facebook page is , and address is Bengaluru, Karnataka, India.,PRATHA WEDDINGS - A Tradition! is mainly known for Wedding Decoration, Flower Decoration, Theme Weddings, Light Decoration.,In terms of pricing PRATHA WEDDINGS - A Tradition!  offers various packages starting at Rs ,/-.,Has been viewed 5 times and shortlisted by 0 customers over the last month.,There are 1 albums here at Weddingz -- suggest you have a look. Call weddingz.in to book PRATHA WEDDINGS - A Tradition! at guaranteed prices and with peace of mind.","
		,PRATHA WEDDINGS - A Tradition!, Bangalore,		
	",tel:+919886292099,"
						Bengaluru, Karnataka, India
					","https://media.weddingz.in/images/112b244af33996d513ea5ac7cde7a60f/pratha_weddings_a_tradition_wedding_decorators_bangalore_16410.jpg,https://media.weddingz.in/images/74930abfc1410923d5b4c7b97e39963f/pratha_weddings_a_tradition_wedding_decorators_bangalore_16412.jpg,https://media.weddingz.in/images/ea85f0ecb29b6e6038bfc6a050ac0354/pratha_weddings_a_tradition_wedding_decorators_bangalore_16415.jpg,https://media.weddingz.in/images/b47eed98574a09bd36bff51fe81ee1a0/pratha_weddings_a_tradition_wedding_decorators_bangalore_16411.jpg,https://media.weddingz.in/images/a00367c0925b3a28c30d42005a8b7d27/pratha_weddings_a_tradition_wedding_decorators_bangalore_16414.jpg,https://media.weddingz.in/images/fe123894edbc71e5b3dcc79f55c4a85f/pratha_weddings_a_tradition_wedding_decorators_bangalore_21477.jpg"
"K4 Networks is a wedding decorator based out of Bangalore . K4 Networks's telephone number is ,, K4 Networks website address is ,, Facebook page is , and address is Bangalore, Karnataka, India..,K4 Networks is mainly known for Wedding Decoration, Flower Decoration, Theme Weddings, Light Decoration.,In terms of pricing K4 Networks  offers various packages starting at Rs ,/-.,Has been viewed 4 times and shortlisted by 0 customers over the last month.,There are 1 albums here at Weddingz -- suggest you have a look. Call weddingz.in to book K4 Networks at guaranteed prices and with peace of mind.","
		,K4 Networks, Bangalore,		
	",tel:76-66-77-88-99,"
						Bangalore, Karnataka, India.
					","https://media.weddingz.in/images/c67c0766b84c5b423dc70530c730a2d8/k4_networks_wedding_decorators_bangalore_19849.jpg,https://media.weddingz.in/images/6363e39be82ccf917a0ce44e671ff1e2/k4_networks_wedding_decorators_bangalore_19849.jpg,https://media.weddingz.in/images/91ad6cb9500f5e6be4f22ceb4880ca24/k4_networks_wedding_decorators_bangalore_19850.jpg,https://media.weddingz.in/images/533761fd9176deb79fff4569563ec6d1/k4_networks_wedding_decorators_bangalore_19852.jpg,https://media.weddingz.in/images/58a40c927c6ded2353a80557884f00a4/k4_networks_wedding_decorators_bangalore_19853.jpg,https://media.weddingz.in/images/6b8fafa3afb0cfafe0c96c0fd705854c/k4_networks_wedding_decorators_bangalore_19854.jpg,https://media.weddingz.in/images/d5b6bcb62b2b21412304b5fe02ceb9b2/k4_networks_wedding_decorators_bangalore_19855.jpg,https://media.weddingz.in/images/fa9e5d482f2070d76cae0c0866d39ac8/k4_networks_wedding_decorators_bangalore_19856.jpg,https://media.weddingz.in/images/10777fcfbb297d029aa907c33121f896/k4_networks_wedding_decorators_bangalore_19857.jpg,https://media.weddingz.in/images/dde58da49e83479c0498c0e319ed9de8/k4_networks_wedding_decorators_bangalore_19858.jpg"
"Wedlock Planners and Events is a wedding decorator based out of Bangalore . Wedlock Planners and Events's telephone number is ,, Wedlock Planners and Events website address is ,, Facebook page is , and address is .,Wedlock Planners and Events is mainly known for Wedding Decoration, Flower Decoration, Theme Weddings, Light Decoration.,In terms of pricing Wedlock Planners and Events  offers various packages starting at Rs ,/-.,Has been viewed 11 times and shortlisted by 0 customers over the last month.,There are 1 albums here at Weddingz -- suggest you have a look. Call weddingz.in to book Wedlock Planners and Events at guaranteed prices and with peace of mind.","
		,Wedlock Planners and Events, Bangalore,		
	",tel:76-66-77-88-99,"
						
					","https://media.weddingz.in/images/405242dbb09d08895a4861abd71ab5d1/wedlock_planners_and_events_wedding_decorators_bangalore_19907.jpg,https://media.weddingz.in/images/f7ed0d3a2d710416fbc4a9a4598339f8/wedlock_planners_and_events_wedding_decorators_bangalore_19907.jpg,https://media.weddingz.in/images/1491c48d5153b471022825634f049184/wedlock_planners_and_events_wedding_decorators_bangalore_19908.jpg,https://media.weddingz.in/images/80752dcdd60fac1f7b10383e006ccf09/wedlock_planners_and_events_wedding_decorators_bangalore_19909.jpg,https://media.weddingz.in/images/a20e769c8c77abc5cfb27d8fdf1f344e/wedlock_planners_and_events_wedding_decorators_bangalore_19910.jpg,https://media.weddingz.in/images/6c267f4a083bb451b4ecebccbf76f4c2/wedlock_planners_and_events_wedding_decorators_bangalore_19911.jpg,https://media.weddingz.in/images/bb7874fa80555a10643242c667c47c8d/wedlock_planners_and_events_wedding_decorators_bangalore_19912.jpg,https://media.weddingz.in/images/c541b3b8658443d9e3db954e57882285/wedlock_planners_and_events_wedding_decorators_bangalore_19913.jpg,https://media.weddingz.in/images/c2734ad24d6bb156d0b8154b2a60b9df/wedlock_planners_and_events_wedding_decorators_bangalore_19914.jpg,https://media.weddingz.in/images/8c0c7616c0ec1ed6a6346c1366e27f56/wedlock_planners_and_events_wedding_decorators_bangalore_19915.jpg,https://media.weddingz.in/images/e3da87a921ad7ff3156b63458f518041/wedlock_planners_and_events_wedding_decorators_bangalore_19916.jpg,https://media.weddingz.in/images/6236ffccc018597daad4f5c5c33254ad/wedlock_planners_and_events_wedding_decorators_bangalore_19917.jpg,https://media.weddingz.in/images/1fd2cdccc144db6ed6b967bc3435abae/wedlock_planners_and_events_wedding_decorators_bangalore_19918.jpg,https://media.weddingz.in/images/9202e5be88dbeb514108fe94764cc3d6/wedlock_planners_and_events_wedding_decorators_bangalore_19919.jpg,https://media.weddingz.in/images/685102503a2117fff0f511777595f9d6/wedlock_planners_and_events_wedding_decorators_bangalore_19920.jpg,https://media.weddingz.in/images/6774d72e788bf74cfef55926d1e99abd/wedlock_planners_and_events_wedding_decorators_bangalore_19921.jpg"
"Flowers by Design is a wedding decorator based out of Bangalore . Flowers by Design's telephone number is ,, Flowers by Design website address is ,, address is 290, 19th Main Road, Koramangala 6 Block, Koramangala, Bangalore, Karnataka- 560030, India..,Flowers by Design is mainly known for Wedding Decoration, Flower Decoration, Theme Weddings, Light Decoration.,In terms of pricing Flowers by Design  offers various packages starting at Rs ,/-.,Has been viewed 6 times and shortlisted by 0 customers over the last month.,There are 1 albums here at Weddingz -- suggest you have a look. Call weddingz.in to book Flowers by Design at guaranteed prices and with peace of mind.","
		,Flowers by Design, Bangalore,		
	",tel:76-66-77-88-99,"
						290, 19th Main Road, Koramangala 6 Block, Koramangala, Bangalore, Karnataka- 560030, India.
					","https://media.weddingz.in/images/c89f691534dc32e734fce37a34daa8ee/flowers_by_design_wedding_decorators_bangalore_19927.jpg,https://media.weddingz.in/images/641a5337b33509f608dc528d413ee60a/flowers_by_design_wedding_decorators_bangalore_19927.jpg,https://media.weddingz.in/images/0818b2fbc7bcb49891f056743778ca88/flowers_by_design_wedding_decorators_bangalore_19928.jpg,https://media.weddingz.in/images/2492a25126d09fd3c4554271bea72e11/flowers_by_design_wedding_decorators_bangalore_19929.jpg,https://media.weddingz.in/images/219f54792e5956f368d40aeb5cd43dfe/flowers_by_design_wedding_decorators_bangalore_19930.jpg,https://media.weddingz.in/images/48ada9a180aac34e561e2aaf87d9a29b/flowers_by_design_wedding_decorators_bangalore_19931.jpg,https://media.weddingz.in/images/a37dfbf0185621d7e3f7bf253711be58/flowers_by_design_wedding_decorators_bangalore_19932.jpg,https://media.weddingz.in/images/34dec2b61b5747804434e399d949fa9a/flowers_by_design_wedding_decorators_bangalore_19933.jpg,https://media.weddingz.in/images/a47133d20076370a6a0087d512d0bc0c/flowers_by_design_wedding_decorators_bangalore_19934.jpg,https://media.weddingz.in/images/44d8ded7ea8506283f7c814dbcd3ea01/flowers_by_design_wedding_decorators_bangalore_19935.jpg,https://media.weddingz.in/images/0832ca3c16598d265c36a63aa561d398/flowers_by_design_wedding_decorators_bangalore_19936.jpg"
"Visual Reality Events & Production is a wedding decorator based out of Kanakapura road, Bangalore . Visual Reality Events & Production's telephone number is ,, Visual Reality Events & Production website address is ,, Facebook page is , and address is #153, Kulume Road, Doddakallasandra,
Kanakapura Main Road,
Bangalore - 560 062..,In terms of pricing Visual Reality Events & Production  offers various packages starting at Rs ,/-.,Has been viewed 3 times and shortlisted by 0 customers over the last month.,There are 1 albums here at Weddingz -- suggest you have a look. Call weddingz.in to book Visual Reality Events & Production at guaranteed prices and with peace of mind.","
		,Visual Reality Events & Production, Bangalore,		
	",tel:76-66-77-88-99,"
						#153, Kulume Road, Doddakallasandra,
Kanakapura Main Road,
Bangalore - 560 062.
					","https://media.weddingz.in/images/0f15cf20593e664232978ab2eafc93ae/visual-reality-events-production-decorators-bangalore.jpg,https://media.weddingz.in/images/23edeec3e6613b57b3afe543d96c6182/visual-reality-events-production-wedding-decor-bangalore-2.jpg,https://media.weddingz.in/images/177654c4ba869a838b1b8072ed3eb208/visual-reality-events-production-wedding-decor-bangalore.jpg,https://media.weddingz.in/images/0ae2862a09058cadbe44073ac7555782/visual-reality-events-production-wedding-decor-bangalore-1.jpg,https://media.weddingz.in/images/c90638ebefae3c5c35f7979bd41886dd/visual-reality-events-production-wedding-decor-bangalore.jpg,https://media.weddingz.in/images/2f730e412b210580071bf1c341ead288/visual-reality-events-production-wedding-decor-bangalore-1.jpg,https://media.weddingz.in/images/011ee73d374d11316c64d0b12d6a672f/visual-reality-events-production-wedding-decor-bangalore-2.jpg,https://media.weddingz.in/images/3f116c429f57e4ccc765f6bcbd3b5bd7/visual-reality-events-production-wedding-decor-bangalore-3.jpg,https://media.weddingz.in/images/d43b26bbaa1e6badc6f5f5f347628a75/visual-reality-events-production-wedding-decor-bangalore-3.jpg,https://media.weddingz.in/images/cc48021d0d992bb913af4d81a9b80dea/visual-reality-events-production-wedding-decor-bangalore-4.jpg,https://media.weddingz.in/images/599279aaf6c340ec4916b8356be4b25e/visual-reality-events-production-wedding-decor-bangalore-4.jpg,https://media.weddingz.in/images/15b2a32341c9042b8cc4c431e66b5edc/visual-reality-events-production-wedding-decor-bangalore-5.jpg,https://media.weddingz.in/images/a98224ca4997bfdccf38ffbb33daf744/visual-reality-events-production-wedding-decor-bangalore-6.jpg,https://media.weddingz.in/images/0357c448952ffa641f636049ca42beb6/visual-reality-events-production-wedding-decor-bangalore-7.jpg,https://media.weddingz.in/images/959129134e62267f304b452bd25d607b/visual-reality-events-production-wedding-decor-bangalore-5.jpg,https://media.weddingz.in/images/2bc2b1681e44a3c18c768d6fa18e98ad/visual-reality-events-production-wedding-decor-bangalore-6.jpg,https://media.weddingz.in/images/cadff3f5cf97142008fa589442343a84/visual-reality-events-production-wedding-decor-bangalore-8.jpg,https://media.weddingz.in/images/35d1a6af76bcf93190a0177694399c51/visual-reality-events-production-wedding-decor-bangalore-7.jpg,https://media.weddingz.in/images/9f61b17974848094ec80249f786687f8/visual-reality-events-production-wedding-decor-bangalore-8.jpg,https://media.weddingz.in/images/7785f9150cba2ba9ae07d75725bbaf1c/visual-reality-events-production-wedding-decor-bangalore-9.jpg,https://media.weddingz.in/images/6edab2591bf12ab7ce083058caaf2893/visual-reality-events-production-wedding-decor-bangalore-10.jpg,https://media.weddingz.in/images/5ca43aa0b6526460d4f6a0d0671c62b6/visual-reality-events-production-wedding-decor-bangalore-11.jpg,https://media.weddingz.in/images/94b16c3017590ad66bd16d1ad7a1904f/visual-reality-events-production-wedding-decor-bangalore-12.jpg,https://media.weddingz.in/images/09d534aa3a26a9437cfcb84d221e3889/visual-reality-events-production-wedding-decor-bangalore-13.jpg,https://media.weddingz.in/images/753bda83f3b3fac157f703a756ce9d0d/visual-reality-events-production-wedding-decor-bangalore-14.jpg,https://media.weddingz.in/images/0cc297f8d2a140e4cc11e7cbd60a87c1/visual-reality-events-production-wedding-decor-bangalore-15.jpg,https://media.weddingz.in/images/7b9bc791e6358763205d72db5dfa761d/visual-reality-events-production-wedding-decor-bangalore-16.jpg,https://media.weddingz.in/images/3e0e5e0192375be3d6240401b538fbe3/visual-reality-events-production-wedding-decor-bangalore-17.jpg,https://media.weddingz.in/images/c993ffd8a5d21b90e1872752bd750bc7/visual-reality-events-production-wedding-decor-bangalore-18.jpg,https://media.weddingz.in/images/43c1da2b89601124583f980f78872766/visual-reality-events-production-wedding-decor-bangalore-19.jpg,https://media.weddingz.in/images/32b5e20b298c8803b9af2e9307feee4a/visual-reality-events-production-wedding-decor-bangalore-20.jpg,https://media.weddingz.in/images/09c9fcb819c378224f48288c66d0a924/visual-reality-events-production-wedding-decor-bangalore-21.jpg,https://media.weddingz.in/images/a25be48155f9b934d9409e50ee45b5a1/visual-reality-events-production-wedding-decor-bangalore-22.jpg"
"Pioneer Events is a wedding decorator based out of Bangalore . Pioneer Events's telephone number is ,,  Facebook page is , and address is Bangalore, Karnataka, India..,Pioneer Events is mainly known for Wedding Decoration, Flower Decoration, Theme Weddings, Light Decoration.,In terms of pricing Pioneer Events  offers various packages starting at Rs ,/-.,Has been viewed 7 times and shortlisted by 0 customers over the last month.,There are 1 albums here at Weddingz -- suggest you have a look. Call weddingz.in to book Pioneer Events at guaranteed prices and with peace of mind.","
		,Pioneer Events, Bangalore,		
	",tel:76-66-77-88-99,"
						Bangalore, Karnataka, India.
					","https://media.weddingz.in/images/0db8fe8d139646da1b56b1d80b2ae1e9/pioneer_events_wedding_decorators_bangalore_19947.jpg,https://media.weddingz.in/images/55bcc22a3e15141b16ffe27e6ce40812/pioneer_events_wedding_decorators_bangalore_19947.jpg,https://media.weddingz.in/images/c7918d86d015d61ba9c679acab646b99/pioneer_events_wedding_decorators_bangalore_19948.jpg,https://media.weddingz.in/images/be633194f24bed05376d9f96707da299/pioneer_events_wedding_decorators_bangalore_19949.jpg,https://media.weddingz.in/images/e96512ff95d83737cf8239b4df10589b/pioneer_events_wedding_decorators_bangalore_19950.jpg,https://media.weddingz.in/images/76b626b3e41b5048089097ead7d4650c/pioneer_events_wedding_decorators_bangalore_19951.jpg,https://media.weddingz.in/images/1612049367b11a3e29f5831457f8304c/pioneer_events_wedding_decorators_bangalore_19952.jpg,https://media.weddingz.in/images/055ef75d5f0e7cf6336f839565217e20/pioneer_events_wedding_decorators_bangalore_19953.jpg,https://media.weddingz.in/images/095f3e5ee3aaae5d263b87952547f4d2/pioneer_events_wedding_decorators_bangalore_19954.jpg,https://media.weddingz.in/images/ee15231cb2e415f74fc78306884c3c9b/pioneer_events_wedding_decorators_bangalore_19955.jpg,https://media.weddingz.in/images/6ee5df648c9a0b3cbce8baff5897efa8/pioneer_events_wedding_decorators_bangalore_19956.jpg,https://media.weddingz.in/images/5c5cfa975c9b5adf304ddf4fb75b1baf/pioneer_events_wedding_decorators_bangalore_19957.jpg,https://media.weddingz.in/images/8b008af7b228f4bd9133ae506dcfd485/pioneer_events_wedding_decorators_bangalore_19958.jpg"
"Petals Event Design is a wedding decorator based out of JP Nagar, Bangalore . Petals Event Design's telephone number is ,, Petals Event Design website address is ,, Facebook page is , and address is 1st Main Dollars Layout JP Nagar 4th Phase.,In terms of pricing Petals Event Design  offers various packages starting at Rs ,/-.,Has been viewed 0 times and shortlisted by 0 customers over the last month.,There are 1 albums here at Weddingz -- suggest you have a look. Call weddingz.in to book Petals Event Design at guaranteed prices and with peace of mind.","
		,Petals Event Design, Bangalore,		
	",tel:76-66-77-88-99,"
						1st Main Dollars Layout JP Nagar 4th Phase
					","https://media.weddingz.in/images/bb6251ffa561ef956b8f4615c222c530/petals-event-design-decorators-bangalore.jpg,https://media.weddingz.in/images/84422a6ad5b234dabe79a2f4426cbfb9/petals-event-design-work-images-bangalore.jpg,https://media.weddingz.in/images/f27944b523c2e64aa7a528bde20d1c1a/petals-event-design-work-images-bangalore-1.jpg,https://media.weddingz.in/images/06d23216f4ecba9ca23b983295984b4d/petals-event-design-work-images-bangalore-2.jpg,https://media.weddingz.in/images/a7fc551fa7530ade7ac484ef76a65419/petals-event-design-work-images-bangalore-3.jpg,https://media.weddingz.in/images/914aed3340fb5e8d582f6a225a56e69a/petals-event-design-work-images-bangalore-4.jpg,https://media.weddingz.in/images/7b9a20ab616f729d636efd9c9d7aecd4/petals-event-design-work-images-bangalore-5.jpg,https://media.weddingz.in/images/7f8c83f424e5e1c6118434b734af8206/petals-event-design-work-images-bangalore-6.jpg,https://media.weddingz.in/images/9fb5e361b8511b7f44b41d01d56b4ffc/petals-event-design-work-images-bangalore-7.jpg,https://media.weddingz.in/images/08bd56ce8cc40974aac6d020c7103e7e/petals-event-design-work-images-bangalore-8.jpg,https://media.weddingz.in/images/e18d2021eecb6cca50068852b9d186b1/petals-event-design-work-images-bangalore-9.jpg,https://media.weddingz.in/images/7bcad19f4d8a035c2bfe05a0c47ca6fd/petals-event-design-work-images-bangalore-10.jpg,https://media.weddingz.in/images/6d2aefa13822b428a96c5958abf8ae60/petals-event-design-work-images-bangalore-11.jpg"
"Shree Events is a wedding decorator based out of Bangalore . Shree Events's telephone number is ,, Shree Events website address is ,, Facebook page is , and address is Bangalore, Karnataka, India..,Shree Events is mainly known for Wedding Decoration, Flower Decoration, Theme Weddings, Light Decoration.,In terms of pricing Shree Events  offers various packages starting at Rs ,/-.,Has been viewed 8 times and shortlisted by 0 customers over the last month.,There are 1 albums here at Weddingz -- suggest you have a look. Call weddingz.in to book Shree Events at guaranteed prices and with peace of mind.","
		,Shree Events, Bangalore,		
	",tel:76-66-77-88-99,"
						Bangalore, Karnataka, India.
					","https://media.weddingz.in/images/a6dcd3cba791f67afedef9eb23341767/shree_events_wedding_decorators_bangalore_19896.jpg,https://media.weddingz.in/images/3ba35be5c19a16caa80337fd75326a1b/shree_events_wedding_decorators_bangalore_19896.jpg,https://media.weddingz.in/images/4b4a1544676373954d81f1924e3cc46f/shree_events_wedding_decorators_bangalore_20692.jpg,https://media.weddingz.in/images/7a1d741dcec42917f708fe91fb8b4405/shree_events_wedding_decorators_bangalore_20693.jpg,https://media.weddingz.in/images/c0a96d00758b48a748c62069ddf9a333/shree_events_wedding_decorators_bangalore_20694.jpg,https://media.weddingz.in/images/a7b7d6f0064cfa52c788ea862038c37a/shree_events_wedding_decorators_bangalore_20695.jpg,https://media.weddingz.in/images/043d5f50b75f96932be7f782bb48b88b/shree_events_wedding_decorators_bangalore_20696.jpg"
"Luxe Events is a wedding decorator based out of Richmond town, Bangalore . Luxe Events's telephone number is ,, Luxe Events website address is ,, Facebook page is , and address is #5, Richmond Road.,In terms of pricing Luxe Events  offers various packages starting at Rs ,/-.,Has been viewed 13 times and shortlisted by 0 customers over the last month.,There are 1 albums here at Weddingz -- suggest you have a look. Call weddingz.in to book Luxe Events at guaranteed prices and with peace of mind.","
		,Luxe Events, Bangalore,		
	",tel:76-66-77-88-99,"
						#5, Richmond Road
					","https://media.weddingz.in/images/a8ae6df643088dfff7d5279b18e7d5b6/luxe-events-decorators-bangalore.jpg,https://media.weddingz.in/images/1f44c9d48cac66799963156d8ebe347a/luxe-events-luxe-events-weddings-bangalore.jpg,https://media.weddingz.in/images/bee272189691b4008bcc019facb393ab/luxe-events-luxe-events-weddings-bangalore-1.jpg,https://media.weddingz.in/images/c9d6be2666156f3dec61e7a521410c26/luxe-events-luxe-events-weddings-bangalore-2.jpg,https://media.weddingz.in/images/daf07d5d111dfb04153b4cd0d094d54c/luxe-events-luxe-events-weddings-bangalore-3.jpg,https://media.weddingz.in/images/d2a0a47212473ce26bc26977199269ec/luxe-events-luxe-events-weddings-bangalore-4.jpg,https://media.weddingz.in/images/857f4964de4f3802e97a43455e39b708/luxe-events-luxe-events-weddings-bangalore-5.jpg,https://media.weddingz.in/images/3a1998eab44fcce78f3a30a995da53e1/luxe-events-luxe-events-weddings-bangalore-6.jpg,https://media.weddingz.in/images/e4033b63fcf53d3de2195b76697dc5eb/luxe-events-luxe-events-weddings-bangalore-7.jpg,https://media.weddingz.in/images/b88071bc006d026a612fc7ef33f6f387/luxe-events-luxe-events-weddings-bangalore-8.jpg,https://media.weddingz.in/images/ec7abd8ae086e37e116a507b0025e5b7/luxe-events-luxe-events-weddings-bangalore-9.jpg,https://media.weddingz.in/images/cbed0fa6268105d7909e7870e66c83a9/luxe-events-luxe-events-weddings-bangalore-10.jpg,https://media.weddingz.in/images/f3a5e3604d04acb98caed7246f08a01b/luxe-events-luxe-events-weddings-bangalore-11.jpg,https://media.weddingz.in/images/72edd53c9253ad0c4c026c7ae8a1214a/luxe-events-luxe-events-weddings-bangalore-12.jpg,https://media.weddingz.in/images/80dfdba546bfa342ae3d9bf344f0903a/luxe-events-luxe-events-weddings-bangalore-13.jpg,https://media.weddingz.in/images/83e6cd0c5fb0d17f35892692ae7c779c/luxe-events-luxe-events-weddings-bangalore-14.jpg,https://media.weddingz.in/images/c0e0308420ca71a4463d88267b787343/luxe-events-luxe-events-weddings-bangalore-15.jpg,https://media.weddingz.in/images/9352dec565d823739f309844e714abe9/luxe-events-luxe-events-weddings-bangalore-16.jpg,https://media.weddingz.in/images/d5b969239730833c007e0e0ef36c7c1d/luxe-events-luxe-events-weddings-bangalore-17.jpg,https://media.weddingz.in/images/dce905d7293cad416cd8210d8fab7205/luxe-events-luxe-events-weddings-bangalore-18.jpg,https://media.weddingz.in/images/731cda3d6ef293ee594902624a87f8f7/luxe-events-luxe-events-weddings-bangalore-19.jpg,https://media.weddingz.in/images/105103823c2dd0f2af24d04289078c34/luxe-events-luxe-events-weddings-bangalore-20.jpg,https://media.weddingz.in/images/9a95268edfd6f5ff5bfec78c19dc8a53/luxe-events-luxe-events-weddings-bangalore-21.jpg,https://media.weddingz.in/images/27cd902414b2ac228bcbd59e84b6f847/luxe-events-luxe-events-weddings-bangalore-22.jpg,https://media.weddingz.in/images/4b366c6ecf666913c60695434116901f/luxe-events-luxe-events-weddings-bangalore-23.jpg,https://media.weddingz.in/images/52544bda165f0595e1b6e739927f63f4/luxe-events-luxe-events-weddings-bangalore-24.jpg,https://media.weddingz.in/images/961d10be7b2940e8d4de7d1aab4dc6cb/luxe-events-luxe-events-weddings-bangalore-25.jpg,https://media.weddingz.in/images/f52feff11500a2f5b638314b6dcbf34b/luxe-events-luxe-events-weddings-bangalore-26.jpg,https://media.weddingz.in/images/517b57d466c2830f0da4037f368db6fc/luxe-events-luxe-events-weddings-bangalore-27.jpg,https://media.weddingz.in/images/64d966a554d701f5e36da2b7b2790445/luxe-events-luxe-events-weddings-bangalore-28.jpg,https://media.weddingz.in/images/f4d681dab799ba307ae3c9b6bfb1a8cf/luxe-events-luxe-events-weddings-bangalore-29.jpg,https://media.weddingz.in/images/1ad1695abb66e3d2bb5f72c1b6d6b3a2/luxe-events-luxe-events-weddings-bangalore-30.jpg,https://media.weddingz.in/images/13051df37751a65e20c9844ac9eb6cc0/luxe-events-luxe-events-weddings-bangalore-31.jpg,https://media.weddingz.in/images/8c36ae4b1a9d71dfa73381515908f5d5/luxe-events-luxe-events-weddings-bangalore-32.jpg,https://media.weddingz.in/images/df520fd2895f25c3bfdad087439dc076/luxe-events-luxe-events-weddings-bangalore-33.jpg,https://media.weddingz.in/images/8e70c65e172a0e05d4f6020947e6acfc/luxe-events-luxe-events-weddings-bangalore-34.jpg,https://media.weddingz.in/images/b0d959ccf86aa3d0168c58368cbc8c37/luxe-events-luxe-events-weddings-bangalore-35.jpg,https://media.weddingz.in/images/2a3c3424057626f5959e8ae882d7030a/luxe-events-luxe-events-weddings-bangalore-36.jpg,https://media.weddingz.in/images/bb278471fb0150c5e2459f8bb3882940/luxe-events-luxe-events-weddings-bangalore-37.jpg,https://media.weddingz.in/images/7a153ab530d61f6566d069e6c815d4f7/luxe-events-luxe-events-weddings-bangalore-38.jpg,https://media.weddingz.in/images/ba7c78d203fafd6e139822b7a31e0cb2/luxe-events-luxe-events-weddings-bangalore-39.jpg,https://media.weddingz.in/images/a24b898e451b480973ae20f47ecb3362/luxe-events-luxe-events-weddings-bangalore-40.jpg,https://media.weddingz.in/images/eb2f9800f3763ef5a947fd531308b42f/luxe-events-luxe-events-weddings-bangalore-41.jpg,https://media.weddingz.in/images/f0d57bdc836d3676e92b4a6f77379827/luxe-events-luxe-events-weddings-bangalore-42.jpg,https://media.weddingz.in/images/37bb02a087979565a84e2b28e782507f/luxe-events-luxe-events-weddings-bangalore-43.jpg,https://media.weddingz.in/images/8861d55d0d8c7349f1a6e5af95928d59/luxe-events-luxe-events-weddings-bangalore-44.jpg,https://media.weddingz.in/images/8bbcf8f7ae0f46c9897e85afc4d77649/luxe-events-luxe-events-weddings-bangalore-45.jpg,https://media.weddingz.in/images/82fe8d6bab55fe34418f4fa7e5d9d634/luxe-events-luxe-events-weddings-bangalore-46.jpg,https://media.weddingz.in/images/4c0036769a549a781efb199d92f12818/luxe-events-luxe-events-weddings-bangalore-47.jpg,https://media.weddingz.in/images/febb6fe44800193b042320487d568bac/luxe-events-luxe-events-weddings-bangalore-48.jpg,https://media.weddingz.in/images/4fccbdadece692e5ca61dd6f14c74384/luxe-events-luxe-events-weddings-bangalore-49.jpg,https://media.weddingz.in/images/79bb02cccd64e2bc9ea81d237031c846/luxe-events-luxe-events-weddings-bangalore-50.jpg,https://media.weddingz.in/images/71a524fade5b4df015bfab5a427f6873/luxe-events-luxe-events-weddings-bangalore-51.jpg"
"Shubharambh Productions is a wedding decorator based out of Bangalore . Shubharambh Productions's telephone number is ,,  Facebook page is , and address is Bangalore, Karnataka, India..,Shubharambh Productions is mainly known for Wedding Decoration, Flower Decoration, Theme Weddings, Light Decoration.,In terms of pricing Shubharambh Productions  offers various packages starting at Rs ,/-.,Has been viewed 11 times and shortlisted by 0 customers over the last month.,There are 1 albums here at Weddingz -- suggest you have a look. Call weddingz.in to book Shubharambh Productions at guaranteed prices and with peace of mind.","
		,Shubharambh Productions, Bangalore,		
	",tel:76-66-77-88-99,"
						Bangalore, Karnataka, India.
					","https://media.weddingz.in/images/51c777ec4ba79bf36b296c7802d9be68/shubharambh_productions_wedding_decorators_bangalore_19676.jpg,https://media.weddingz.in/images/76c65b3718fee13ae8436e91090f4ea9/shubharambh_productions_wedding_decorators_bangalore_19676.jpg,https://media.weddingz.in/images/18e3daca53cc02ca531fc89fbf91b907/shubharambh_productions_wedding_decorators_bangalore_19677.jpg,https://media.weddingz.in/images/3706c21e62e488f6f062b506d575b536/shubharambh_productions_wedding_decorators_bangalore_19678.jpg,https://media.weddingz.in/images/c81d5c6ff330c41689c78faa1a488221/shubharambh_productions_wedding_decorators_bangalore_19679.jpg,https://media.weddingz.in/images/dc04d7849521a91fe51916144e1ad600/shubharambh_productions_wedding_decorators_bangalore_19680.jpg,https://media.weddingz.in/images/ab3a1c089b77391a78f804dedc63ee7f/shubharambh_productions_wedding_decorators_bangalore_19681.jpg,https://media.weddingz.in/images/c3a436b0a6176ccf0a02a41b6535f041/shubharambh_productions_wedding_decorators_bangalore_19682.jpg,https://media.weddingz.in/images/a811b4ae2431818a9ac48824010a75f0/shubharambh_productions_wedding_decorators_bangalore_19683.jpg,https://media.weddingz.in/images/87bc60e2b26035e4fe51e998cb844412/shubharambh_productions_wedding_decorators_bangalore_19684.jpg,https://media.weddingz.in/images/c07944a75301aaaffbf32c7bbab159fe/shubharambh_productions_wedding_decorators_bangalore_19685.jpg,https://media.weddingz.in/images/93ec0b95a6c74a756dcce0cdcc828104/shubharambh_productions_wedding_decorators_bangalore_19686.jpg,https://media.weddingz.in/images/6e63df03aec7d630e123b97d4ff87c19/shubharambh_productions_wedding_decorators_bangalore_19687.jpg,https://media.weddingz.in/images/f9d307d8d7b00fa8be7cb83a90fc4c31/shubharambh_productions_wedding_decorators_bangalore_19688.jpg,https://media.weddingz.in/images/e5d2b92c3069010e44778221e2a3a51c/shubharambh_productions_wedding_decorators_bangalore_19689.jpg,https://media.weddingz.in/images/2ed686799583fb1340ea17b3f053101f/shubharambh_productions_wedding_decorators_bangalore_19690.jpg"
"Tilia - Decor is a wedding decorator based out of Bangalore . Tilia - Decor's telephone number is ,,  Facebook page is , and address is Bangalore, Karnataka, India..,Tilia - Decor is mainly known for Wedding Decoration, Flower Decoration, Theme Weddings, Light Decoration.,In terms of pricing Tilia - Decor  offers various packages starting at Rs ,/-.,Has been viewed 20 times and shortlisted by 0 customers over the last month.,There are 1 albums here at Weddingz -- suggest you have a look. Call weddingz.in to book Tilia - Decor at guaranteed prices and with peace of mind.","
		,Tilia - Decor, Bangalore,		
	",tel:76-66-77-88-99,"
						Bangalore, Karnataka, India.
					","https://media.weddingz.in/images/e4d65cd2d5b53d6ca0bc67ec2a6f72e3/tilia_decor_wedding_decorators_bangalore_19963.jpg,https://media.weddingz.in/images/ce6dcaaa60668e61f1f002e5ccf82cd8/tilia_decor_wedding_decorators_bangalore_19963.jpg,https://media.weddingz.in/images/60edb519a19525f26fbf61f19612be80/tilia_decor_wedding_decorators_bangalore_19964.jpg"
"V Events - Decor is a wedding decorator based out of Bangalore . V Events - Decor's telephone number is ,,  Facebook page is , and address is Bengaluru, Karnataka, India.,V Events - Decor is mainly known for Wedding Decoration, Flower Decoration, Theme Weddings, Light Decoration.,In terms of pricing V Events - Decor  offers various packages starting at Rs ,/-.,Has been viewed 15 times and shortlisted by 0 customers over the last month.,There are 1 albums here at Weddingz -- suggest you have a look. Call weddingz.in to book V Events - Decor at guaranteed prices and with peace of mind.","
		,V Events - Decor, Bangalore,		
	",tel:76-66-77-88-99,"
						Bengaluru, Karnataka, India
					","https://media.weddingz.in/images/6068671a257d85d46742afc4ca8571a3/v3_events_decor_wedding_decorators_bangalore_17803.jpg,https://media.weddingz.in/images/f11d2805605c08be4e7d236094d3798d/v3_events_decor_wedding_decorators_bangalore_17803.jpg,https://media.weddingz.in/images/b78da87a41255d97c371320290092fd7/v3_events_decor_wedding_decorators_bangalore_17804.jpg,https://media.weddingz.in/images/3915da2a8dbaac7c1e46532700abc498/v3_events_decor_wedding_decorators_bangalore_17805.jpg,https://media.weddingz.in/images/98a5108bb8aa5df441f194689d6b34af/v3_events_decor_wedding_decorators_bangalore_17806.jpg,https://media.weddingz.in/images/086cfcd63651b5aac9223959a35fe135/v3_events_decor_wedding_decorators_bangalore_17808.jpg,https://media.weddingz.in/images/050bd3883bda0247f3d3ba07b96bf7a2/v3_events_decor_wedding_decorators_bangalore_17809.jpg,https://media.weddingz.in/images/2c279621e4cbbe63d2ed777be9bd9960/v3_events_decor_wedding_decorators_bangalore_17810.jpg"
"Sagar - Decor  is a wedding decorator based out of Bangalore . Sagar - Decor 's telephone number is ,, Sagar - Decor  website address is ,, Facebook page is , and address is Bengaluru, Karnataka, India.,Sagar - Decor  is mainly known for Wedding Decoration, Flower Decoration, Theme Weddings, Light Decoration.,In terms of pricing Sagar - Decor   offers various packages starting at Rs ,/-.,Has been viewed 17 times and shortlisted by 0 customers over the last month.,There are 1 albums here at Weddingz -- suggest you have a look. Call weddingz.in to book Sagar - Decor  at guaranteed prices and with peace of mind.","
		,Sagar - Decor , Bangalore,		
	",tel:76-66-77-88-99,"
						Bengaluru, Karnataka, India
					","https://media.weddingz.in/images/af856c95cf57dc1b476a4b0dda76a7ff/sagar_decor_wedding_decorators_bangalore_17848.jpg,https://media.weddingz.in/images/a7fb5ef863986e15871df47ade43ecf7/sagar_decor_wedding_decorators_bangalore_17850.jpg,https://media.weddingz.in/images/ca2f7cec7ecad4eb1aa9a322000dc670/sagar_decor_wedding_decorators_bangalore_17856.jpg,https://media.weddingz.in/images/6e94c3ec08153e362548adcae06074f2/sagar_decor_wedding_decorators_bangalore_21482.jpg,https://media.weddingz.in/images/8f621463dc47d7b248f7c08f0f664c00/sagar_decor_wedding_decorators_bangalore_17853.jpg,https://media.weddingz.in/images/8ee46363eaca609f2539e3afe921d105/sagar_decor_wedding_decorators_bangalore_21487.jpg,https://media.weddingz.in/images/31e74280692019c0ba1091a66275d97a/sagar_decor_wedding_decorators_bangalore_17862.jpg,https://media.weddingz.in/images/46facf93ef9be7919fefd501b76a703d/sagar_decor_wedding_decorators_bangalore_17863.jpg,https://media.weddingz.in/images/094a86eac39ce674f414e68828b9ca56/sagar_decor_wedding_decorators_bangalore_21496.jpg,https://media.weddingz.in/images/1d0ea8c15fd0441b8cb1554ff7e7e799/sagar_decor_wedding_decorators_bangalore_21486.jpg,https://media.weddingz.in/images/6553f21c9672a6076a73ec5161f61aff/sagar_decor_wedding_decorators_bangalore_17854.jpg,https://media.weddingz.in/images/dcdd6697eaa9ef20a0bad35caae0a25d/sagar_decor_wedding_decorators_bangalore_21488.jpg,https://media.weddingz.in/images/287b5d0e837391ff875d03816cc8f798/sagar_decor_wedding_decorators_bangalore_17855.jpg,https://media.weddingz.in/images/0f5c78598517fc0dbdeb6f794af5a2f8/sagar_decor_wedding_decorators_bangalore_21489.jpg,https://media.weddingz.in/images/cfa8a1ab1486a1bbc4f28b889640d385/sagar_decor_wedding_decorators_bangalore_21492.jpg,https://media.weddingz.in/images/18f0d676f4377c593d6a6c5b2c68b3ee/sagar_decor_wedding_decorators_bangalore_21494.jpg,https://media.weddingz.in/images/56719e6f06647344a269dded7129ccc7/sagar_decor_wedding_decorators_bangalore_21483.jpg,https://media.weddingz.in/images/646e7af58b4369167a58447ac32b8885/sagar_decor_wedding_decorators_bangalore_21484.jpg,https://media.weddingz.in/images/b0248ba59b4ed70e6823ef612994d94f/sagar_decor_wedding_decorators_bangalore_21485.jpg,https://media.weddingz.in/images/e5887f6cfdb50209f673f016b6ee2c0d/sagar_decor_wedding_decorators_bangalore_21490.jpg"
"Entertainment Factory is a wedding decorator based out of Bangalore . Entertainment Factory's telephone number is ,,  address is 42, Outer Ring Road, Vysya Bank Colony, Stage 2, J P Nagar, Bangalore, Karnataka- 560076, India..,Entertainment Factory is mainly known for Wedding Decoration, Flower Decoration, Theme Weddings, Light Decoration.,In terms of pricing Entertainment Factory  offers various packages starting at Rs ,/-.,Has been viewed 16 times and shortlisted by 0 customers over the last month.,There are 1 albums here at Weddingz -- suggest you have a look. Call weddingz.in to book Entertainment Factory at guaranteed prices and with peace of mind.","
		,Entertainment Factory, Bangalore,		
	",tel:76-66-77-88-99,"
						42, Outer Ring Road, Vysya Bank Colony, Stage 2, J P Nagar, Bangalore, Karnataka- 560076, India.
					","https://media.weddingz.in/images/99dca60d3727d52b99f2e4be7e67e5d2/entertainment_factory_wedding_decorators_bangalore_19661.jpg,https://media.weddingz.in/images/fafb7c4b64c71807e9ef66e6f652b0ef/entertainment_factory_wedding_decorators_bangalore_19661.jpg,https://media.weddingz.in/images/5031860dcba9a8841459df55db0df524/entertainment_factory_wedding_decorators_bangalore_19662.jpg,https://media.weddingz.in/images/ba7656d3401a4a699950d260307e5953/entertainment_factory_wedding_decorators_bangalore_19663.jpg,https://media.weddingz.in/images/525078a434a0ce3c884afb1516256bc6/entertainment_factory_wedding_decorators_bangalore_19664.jpg,https://media.weddingz.in/images/1af93a6f1c72164d1690542da5a96f87/entertainment_factory_wedding_decorators_bangalore_19665.jpg,https://media.weddingz.in/images/e44ac213577dd37053caa890a582915e/entertainment_factory_wedding_decorators_bangalore_19666.jpg,https://media.weddingz.in/images/c431a613f610e17453f64309515be1a3/entertainment_factory_wedding_decorators_bangalore_19667.jpg,https://media.weddingz.in/images/4fc98a880bfac4dad79f96c1c20e134f/entertainment_factory_wedding_decorators_bangalore_19668.jpg,https://media.weddingz.in/images/65c0aef8c0bf61d00ee080f2db7aa54d/entertainment_factory_wedding_decorators_bangalore_19669.jpg,https://media.weddingz.in/images/b32251bb4a56061e261e0d8fb945f158/entertainment_factory_wedding_decorators_bangalore_19670.jpg"
"Spring Krafts is a wedding decorator based out of BTM Layout, Bangalore . Spring Krafts's telephone number is ,, Spring Krafts website address is ,, Facebook page is , and address is 14/4-1,BTM Stage 1.,In terms of pricing Spring Krafts  offers various packages starting at Rs ,/-.,Has been viewed 1 times and shortlisted by 0 customers over the last month.,There are 1 albums here at Weddingz -- suggest you have a look. Call weddingz.in to book Spring Krafts at guaranteed prices and with peace of mind.","
		,Spring Krafts, Bangalore,		
	",tel:76-66-77-88-99,"
						14/4-1,BTM Stage 1
					","https://media.weddingz.in/images/741232f1a798d95fdf7ec04b27d8c441/spring-krafts-decorators-bangalore.jpg,https://media.weddingz.in/images/0209751d2c0da8901044de5058d8a82b/spring-krafts-wedding-decor-bangalore-2.jpg,https://media.weddingz.in/images/0df13e0d1d7419f2cc043d251e404c05/spring-krafts-wedding-decor-bangalore.jpg,https://media.weddingz.in/images/e353580a0a482a24a94b2cdeebfd8d27/spring-krafts-wedding-decor-bangalore-1.jpg,https://media.weddingz.in/images/b68fcd6297c2217676e19ed2acccc6c4/spring-krafts-wedding-decor-bangalore.jpg,https://media.weddingz.in/images/c0bfa3e02772395a004c1c811f0d3662/spring-krafts-wedding-decor-bangalore-1.jpg,https://media.weddingz.in/images/5c2c081bec94f5eeba15e07dec8aac02/spring-krafts-wedding-decor-bangalore-3.jpg,https://media.weddingz.in/images/ea2bdffeffd577397a0ccc06148c9f10/spring-krafts-wedding-decor-bangalore-4.jpg,https://media.weddingz.in/images/01388049fabf6db7cb5bf903c697c970/spring-krafts-wedding-decor-bangalore-5.jpg,https://media.weddingz.in/images/dcced5dd05a3150100525a4efb088797/spring-krafts-wedding-decor-bangalore-6.jpg,https://media.weddingz.in/images/88f6d42dff57bd7731118f66e9533698/spring-krafts-wedding-decor-bangalore-2.jpg"
"IStar Productions is a wedding decorator based out of Bangalore . IStar Productions's telephone number is ,,  address is Bangalore India.,In terms of pricing IStar Productions  offers various packages starting at Rs ,/-.,Has been viewed 11 times and shortlisted by 0 customers over the last month.,There are 1 albums here at Weddingz -- suggest you have a look. Call weddingz.in to book IStar Productions at guaranteed prices and with peace of mind.","
		,IStar Productions, Bangalore,		
	",tel:+919845093879,"
						Bangalore India
					","https://media.weddingz.in/images/4fad7026dea7d8976efd311d29494698/P4.jpg,https://media.weddingz.in/images/12183163f528fd7011189bfa62dfb0d5/Elegant%20jw%20%2815%29.jpg,https://media.weddingz.in/images/a84ffc0466732838d2bbb8c929de7854/104.jpg,https://media.weddingz.in/images/995199a70226579f65ed38cb771224ee/10805769_658848830898954_4854930991560150995_n.jpg,https://media.weddingz.in/images/ff7e9ba4d902e0034b0754eb0032369b/Backdrop8%3D40%2C000INR.jpg,https://media.weddingz.in/images/a67d0000a0e56d1e7b9619ebc023593d/314406_10150407067185943_187717880942_10502756_528550035_n.jpg,https://media.weddingz.in/images/764dae7b809a484a7f51e21ef3fff593/Elegant%20jw%20%2822%29.jpg,https://media.weddingz.in/images/5102be3ba03a6994002146a8e6c4db97/P10.jpg,https://media.weddingz.in/images/a2b86faa84731b3de5df0f2266c549b5/Elegant%20jw%20%2824%29.jpg,https://media.weddingz.in/images/311e144384cbd2a331c616b79abcb102/P7.jpg,https://media.weddingz.in/images/17920f6f4325f0648b950dea05206d95/P11.jpg,https://media.weddingz.in/images/10b59047684147b27d4c26433b4afa7b/Elegant%20jw%20%2814%29.jpg,https://media.weddingz.in/images/de91a9321d483bef0333a0258dd1adf6/Elegant%20jw%20%2820%29.jpg,https://media.weddingz.in/images/cc562b597d9eb977d882322eb60b6d9d/P6.jpg,https://media.weddingz.in/images/d7f33198abda202715e22490ee3e7fab/P9.jpg,https://media.weddingz.in/images/d1c3a770e0c317d027acd26354e1ddde/Welcome%20arch%201%20%2832%29.jpg,https://media.weddingz.in/images/c5c1d7bbcc7653a5332e719c533fab8c/Elegant%20jw%20%2851%29.jpg,https://media.weddingz.in/images/411ca9840864945c07913296f1d3b610/JW%20English%20Vintage%20%2831%29.jpg,https://media.weddingz.in/images/c84576f9c3a1c80b2a04d563efd050c2/Welcome%20arch%201%20%282%29.jpg,https://media.weddingz.in/images/868c5eeba72626ffb17ea8114a77cfbf/Welcome%20arch%201%20%2834%29.jpg,https://media.weddingz.in/images/badb2f14d3ea828bbfdb8f940968dd64/Elegant%20jw%20%2827%29.jpg,https://media.weddingz.in/images/8e3f09f151c49d445cadd132721366de/JW%20Backdrop%20%2828%29.jpg"
"Sound Waves is a wedding decorator based out of Bangalore . Sound Waves's telephone number is ,,  address is #7, 2nd Cross Rd, 1st Block, Jaya Nagar, Bengaluru, Karnataka 560011, India.,Sound Waves is mainly known for Wedding Decoration, Flower Decoration, Theme Weddings, Light Decoration.,In terms of pricing Sound Waves  offers various packages starting at Rs ,/-.,Has been viewed 20 times and shortlisted by 0 customers over the last month.,There are 1 albums here at Weddingz -- suggest you have a look. Call weddingz.in to book Sound Waves at guaranteed prices and with peace of mind.","
		,Sound Waves, Bangalore,		
	",tel:76-66-77-88-99,"
						#7, 2nd Cross Rd, 1st Block, Jaya Nagar, Bengaluru, Karnataka 560011, India
					","https://media.weddingz.in/images/40f3bad6e5bd3bedbaae38c44f2744e1/sound_waves_wedding_decorators_bangalore_22933.jpg,https://media.weddingz.in/images/15cd423c033e9eb003ad873a062a4669/sound_waves_wedding_decorators_bangalore_22933.jpg,https://media.weddingz.in/images/4f915a4c90f412426dd2fcce9a372404/sound_waves_wedding_decorators_bangalore_22934.jpg,https://media.weddingz.in/images/39982dd5769bfa63caab8411018b3c70/sound_waves_wedding_decorators_bangalore_22935.jpg,https://media.weddingz.in/images/3352a12b1b756f3ed44a20c0737670b5/sound_waves_wedding_decorators_bangalore_22936.jpg,https://media.weddingz.in/images/612fc0ff4355be3e49e5b07ecc4ca8d5/sound_waves_wedding_decorators_bangalore_22937.jpg"
"Navin Decorators is a wedding decorator based out of Bangalore . Navin Decorators's telephone number is ,,  address is Bengaluru, Karnataka, India.,Navin Decorators is mainly known for Wedding Decoration, Flower Decoration, Theme Weddings, Light Decoration.,In terms of pricing Navin Decorators  offers various packages starting at Rs ,/-.,Has been viewed 10 times and shortlisted by 0 customers over the last month.,There are 1 albums here at Weddingz -- suggest you have a look. Call weddingz.in to book Navin Decorators at guaranteed prices and with peace of mind.","
		,Navin Decorators, Bangalore,		
	",tel:76-66-77-88-99,"
						Bengaluru, Karnataka, India
					","https://media.weddingz.in/images/37f268ffbc5e1d01884637bcef56ec38/navin_decorators_wedding_decorators_bangalore_17920.jpg,https://media.weddingz.in/images/0067e6a7cafee4f14320585a4fa61b0d/navin_decorators_wedding_decorators_bangalore_17920.jpg,https://media.weddingz.in/images/ac174099c43dd8836e4a6af86140e91f/navin_decorators_wedding_decorators_bangalore_17921.jpg,https://media.weddingz.in/images/9fe96dae814ef83c327bb2d2ddc93f64/navin_decorators_wedding_decorators_bangalore_17922.jpg,https://media.weddingz.in/images/0fa8a9d27593ffcff30ec8d038ba58c2/navin_decorators_wedding_decorators_bangalore_17923.jpg,https://media.weddingz.in/images/fea02705e8047fb467ff8531a90aa047/navin_decorators_wedding_decorators_bangalore_17924.jpg,https://media.weddingz.in/images/a0c7a6f3bfcf72aac36221d85cca2ba4/navin_decorators_wedding_decorators_bangalore_17926.jpg,https://media.weddingz.in/images/1118a9661664398c08344b9582be4fe6/navin_decorators_wedding_decorators_bangalore_17927.jpg,https://media.weddingz.in/images/a93e4f76bb692844b312a3d4f030577b/navin_decorators_wedding_decorators_bangalore_17928.jpg"
"Do My Shaadi is a wedding decorator based out of Bangalore . Do My Shaadi's telephone number is ,,  Facebook page is , and address is Koramangala, Bangalore, Karnataka, India..,Do My Shaadi is mainly known for Wedding Decoration, Flower Decoration, Theme Weddings, Light Decoration.,In terms of pricing Do My Shaadi  offers various packages starting at Rs ,/-.,Has been viewed 25 times and shortlisted by 0 customers over the last month.,There are 1 albums here at Weddingz -- suggest you have a look. Call weddingz.in to book Do My Shaadi at guaranteed prices and with peace of mind.","
		,Do My Shaadi, Bangalore,		
	",tel:76-66-77-88-99,"
						Koramangala, Bangalore, Karnataka, India.
					","https://media.weddingz.in/images/ac6d5564e6851e64637cc44db1a0e0f6/do_my_shaadi_wedding_decorators_bangalore_21183.jpg,https://media.weddingz.in/images/d62b343b5f3e81e115e9a7fc58b300a4/do_my_shaadi_wedding_decorators_bangalore_21183.jpg,https://media.weddingz.in/images/71b0ef70286d48f91e5dc6e787840746/do_my_shaadi_wedding_decorators_bangalore_21184.jpg,https://media.weddingz.in/images/bea36ba8680136fdc3f9ce6ae4824a54/do_my_shaadi_wedding_decorators_bangalore_21185.jpg,https://media.weddingz.in/images/acbaf935eb1a75a1114b3681925c1c70/do_my_shaadi_wedding_decorators_bangalore_21186.jpg,https://media.weddingz.in/images/f1a632a0211f6b96ad72bc5c6ca18ac4/do_my_shaadi_wedding_decorators_bangalore_21187.jpg,https://media.weddingz.in/images/ae3401e2f66e78ee570b3dc254f4258b/do_my_shaadi_wedding_decorators_bangalore_21188.jpg,https://media.weddingz.in/images/c8b7d29bc52be51f1cd0867e316a95fe/do_my_shaadi_wedding_decorators_bangalore_21189.jpg,https://media.weddingz.in/images/05104c3f1cd23128fd2aadf1cf7440b0/do_my_shaadi_wedding_decorators_bangalore_21190.jpg"
"Jollyfication Event Organizers is a wedding decorator based out of HRBR Layout, Bangalore . Jollyfication Event Organizers's telephone number is ,,  Facebook page is , and address is 11/c, Nanjundappa Garden Street, R.S.Palya, kammanahalli Main Road, Bangalore - 33.,In terms of pricing Jollyfication Event Organizers  offers various packages starting at Rs ,/-.,Has been viewed 21 times and shortlisted by 0 customers over the last month.,There are 1 albums here at Weddingz -- suggest you have a look. Call weddingz.in to book Jollyfication Event Organizers at guaranteed prices and with peace of mind.","
		,Jollyfication Event Organizers, Bangalore,		
	",tel:+918147004560 ,"
						11/c, Nanjundappa Garden Street, R.S.Palya, kammanahalli Main Road, Bangalore - 33
					","https://media.weddingz.in/images/1d9eadccbd7bcb705711a572621f298a/IMG_818.jpg,https://media.weddingz.in/images/8b56102b417d232035c33c7c70ba053d/IMG_39.jpg,https://media.weddingz.in/images/4ae39e30f47487bd7fe173fa429b13a6/IMG_65.jpg,https://media.weddingz.in/images/6847d37fe57ef0e6aee9a988b046357f/IMG_23.jpg,https://media.weddingz.in/images/c3875d5e43bcfb22115c2608b492e7bd/IMG_44.jpg,https://media.weddingz.in/images/c7a93b333a14996be578d5cfca969a4a/IMG_1129.jpg,https://media.weddingz.in/images/554d18fd4f7c48ceaed4b5346e70ee08/IMG_444.jpg,https://media.weddingz.in/images/57527f43b08cddf0d8360e9277c6099a/IMG_184127.jpg,https://media.weddingz.in/images/a1ee004e178499d5b01f83af0e977558/IMG_57.jpg,https://media.weddingz.in/images/d99d1651502a05966f1d77b4c6c48d8c/IMG_1001.jpg,https://media.weddingz.in/images/a8ab53a4cd3a480905e232d0345aa809/IMG_001.jpg,https://media.weddingz.in/images/3e21925add7f10a1310d15ca7d7f1bfe/IMG_723.jpg,https://media.weddingz.in/images/3ad0211f67ce86e5afb702c6ba5581ee/IMG_1002.jpg,https://media.weddingz.in/images/9016a6281296987235fc73dc47be600f/IMG_300.jpg,https://media.weddingz.in/images/9e5193cd379aa7cfcbd43fbc0957b6c0/IMG_2016.jpg,https://media.weddingz.in/images/842359e9049af5a528aefb454a71b49f/IMG_201.jpg,https://media.weddingz.in/images/6b97673eef25729df9089880a81eb8e2/IMG_0529.jpg,https://media.weddingz.in/images/510e5ea25c59e38ee553433bf2eaf76a/IMG_162.jpg,https://media.weddingz.in/images/1b9e5efe26aabdd21dd82382cf0153d9/IMG_151.jpg"
"I Do! Weddings & Occasions is a wedding decorator based out of Jayanagar, Bangalore . I Do! Weddings & Occasions's telephone number is ,, I Do! Weddings & Occasions website address is ,, Facebook page is , and address is 35/1 Bannerghatta Road.2nd Cross Pukhraj layout,Opposite Kothari Granites and Marbles,Bangalore 560030
.,In terms of pricing I Do! Weddings & Occasions  offers various packages starting at Rs ,/-.,Has been viewed 5 times and shortlisted by 0 customers over the last month.,There are 1 albums here at Weddingz -- suggest you have a look. Call weddingz.in to book I Do! Weddings & Occasions at guaranteed prices and with peace of mind.","
		,I Do! Weddings & Occasions, Bangalore,		
	",tel:+919986565093,"
						35/1 Bannerghatta Road.2nd Cross Pukhraj layout,Opposite Kothari Granites and Marbles,Bangalore 560030

					","https://media.weddingz.in/images/17c29f232d3c9c7eb380c076d9956b43/cover picture.jpg,https://media.weddingz.in/images/a09152975b8fca65633d50d132654440/A1.jpg,https://media.weddingz.in/images/51279f00739e3277c2595c2246d3a704/A2.jpg,https://media.weddingz.in/images/e4c62bb89107fdbfdfbdc5470f5f0249/A3.jpg,https://media.weddingz.in/images/3a7d5a4bd11419dcbc6185b07e22426a/A4.jpg,https://media.weddingz.in/images/7ff0f61c157cbe386e64c811c761add8/A5.jpg,https://media.weddingz.in/images/c7043783bacda28dd09f19d40dd6bc39/A6.jpg,https://media.weddingz.in/images/20081c5e406f820f5576bed7a9f15528/A7.jpg,https://media.weddingz.in/images/6f41d09535568bf3fa23f30e5d2fa58c/A8.jpg,https://media.weddingz.in/images/e70722a2015c506311c46d447cd55aca/A9.jpg,https://media.weddingz.in/images/88c35abf01a1fb192b9c1e395dbb8d5f/A10.jpg,https://media.weddingz.in/images/53ddc2520a8d9d3cc0241c159c720219/A11.jpg,https://media.weddingz.in/images/ab11ad2b6989b01087abbd85d2c62746/A12.jpg,https://media.weddingz.in/images/eb768a4035fdd5042f7b94a8052a0c47/A13.jpg,https://media.weddingz.in/images/9e09abcaf8ecacea9aded0e1f119c763/A14.jpg,https://media.weddingz.in/images/cdf3c34fd2f2ef676edd285a373865c1/A15.jpg,https://media.weddingz.in/images/2dbe3f19789835ce7e25e0ae9fb54fd9/A16.jpg,https://media.weddingz.in/images/40177b7988c9115b3e392631e64b2d95/A17.jpg,https://media.weddingz.in/images/f47aa11e4597ab779900870c692e94de/A18.jpg,https://media.weddingz.in/images/6bd2f1784da1b63b986807c996fd348c/A19.jpg,https://media.weddingz.in/images/da0164e0f67ddf92e3e7a413ab936865/A20.jpg,https://media.weddingz.in/images/2f18f88bed95339de02f493be6612510/A21.jpg,https://media.weddingz.in/images/d42f6944ed0b622ad2e64e18a281bc44/A22.jpg,https://media.weddingz.in/images/8d360ed9d65488ba0145820a769ff92c/A23.jpg,https://media.weddingz.in/images/86063f2a29b671dc44f6dffa7142aba7/A24.jpg,https://media.weddingz.in/images/13d973297680a8ff98f5c1ab80d48b67/A25.jpg"
"Hastakshar Events is a wedding decorator based out of Bangalore . Hastakshar Events's telephone number is ,,  address is Brigade Gardens, Church St, Shanthala Nagar, Ashok Nagar, Bangalore, Karnataka- 560001, India..,Hastakshar Events is mainly known for Wedding Decoration, Flower Decoration, Theme Weddings, Light Decoration.,In terms of pricing Hastakshar Events  offers various packages starting at Rs ,/-.,Has been viewed 30 times and shortlisted by 0 customers over the last month.,There are 1 albums here at Weddingz -- suggest you have a look. Call weddingz.in to book Hastakshar Events at guaranteed prices and with peace of mind.","
		,Hastakshar Events, Bangalore,		
	",tel:+919845068498,"
						Brigade Gardens, Church St, Shanthala Nagar, Ashok Nagar, Bangalore, Karnataka- 560001, India.
					","https://media.weddingz.in/images/26004cfe86abd8c229e1503f27ee95c6/hastakshar_events_wedding_decorators_bangalore_21170.jpg,https://media.weddingz.in/images/0f83a24c08bd7f583957acefd03539f4/hastakshar_events_wedding_decorators_bangalore_21168.jpg,https://media.weddingz.in/images/4b7c2c253b0f3aa7b6377e6de4f09a50/hastakshar_events_wedding_decorators_bangalore_21179.jpg,https://media.weddingz.in/images/8a49827d543674a24511f073bed18986/hastakshar_events_wedding_decorators_bangalore_21175.jpg,https://media.weddingz.in/images/ba23f3c7e79faa5c8e25f66ad7cce5bd/hastakshar_events_wedding_decorators_bangalore_22867.jpg,https://media.weddingz.in/images/6f11df162f2c2be2080ff86d00939cdb/hastakshar_events_wedding_decorators_bangalore_22868.jpg,https://media.weddingz.in/images/7824c552fda4b8a632d8be2007491b06/hastakshar_events_wedding_decorators_bangalore_21181.jpg,https://media.weddingz.in/images/1ebd796efd3e9d6846d28274bc65a849/hastakshar_events_wedding_decorators_bangalore_21182.jpg,https://media.weddingz.in/images/baba2ec9398db71b291008763db060ba/hastakshar_events_wedding_decorators_bangalore_22856.jpg,https://media.weddingz.in/images/bf6cb39265666c66b3913330d2d806b0/hastakshar_events_wedding_decorators_bangalore_21174.jpg,https://media.weddingz.in/images/9104c77254a8680bbb0d2521fef1bb50/hastakshar_events_wedding_decorators_bangalore_22866.jpg,https://media.weddingz.in/images/bcef475d5541f84f5111702d201d1ff9/hastakshar_events_wedding_decorators_bangalore_21176.jpg,https://media.weddingz.in/images/e919eb7839b03bca6829a2286fe9287d/hastakshar_events_wedding_decorators_bangalore_22859.jpg,https://media.weddingz.in/images/0ddf7c146d4463d7bb05677ea5276c61/hastakshar_events_wedding_decorators_bangalore_22870.jpg,https://media.weddingz.in/images/7946a045087ae3be656d22d3ad6601c4/hastakshar_events_wedding_decorators_bangalore_22865.jpg,https://media.weddingz.in/images/f7077fda935aa08fc4c0de114483f502/hastakshar_events_wedding_decorators_bangalore_22871.jpg"
